Category,Value,Growth
A,73,0.7939996804545344
B,86,0.5510173401799557
C,55,0.6013218072851109
D,66,0.9051381958339989
E,33,0.3595633229004578
